TIGER 지주회사,307520
KODEX 헬스케어,266420
KODEX 바이오,244580
KODEX 2차전지산업,305720
TIGER 200 헬스케어,227540
TIGER 2차전지테마,305540
TIGER 200IT레버리지,243880
KODEX 보험,140700
TIGER 코스닥150IT,261060
TIGER 삼성그룹펀더멘털,138520
KODEX 삼성그룹,102780
TIGER 헬스케어,143860
TIGER 미디어컨텐츠,228810
KODEX 반도체,091160
KODEX IT,266370
TIGER 여행레저,228800
KODEX 삼성그룹밸류,213610
TIGER 반도체,091230
TIGER 은행,091220
KBSTAR IT플러스,326240
TIGER 200 금융,139270
TIGER 200 IT,139260
KBSTAR 200IT,285000
TIGER 탄소효율그린뉴딜,376410
KODEX 은행,091170
KODEX Fn성장,325010
KINDEX 밸류대형,143460
HANARO Fn5G산업,367740
KODEX Fn멀티팩터,337120
KBSTAR 대형고배당10TR,315960
KBSTAR 고배당,266160
TIGER TOP10,292150
KODEX 퀄리티Plus,244660
TIGER KRX바이오K-뉴딜,364970
HANARO 고배당,322410
KODEX K-이노베이션액티브,373490
TIGER 증권,157500
KINDEX 미국WideMoat가치주,309230
KBSTAR ESG사회책임투자,290130
TIGER 경기방어,139280
KODEX 증권,102970
KBSTAR 내수주플러스,326230
KBSTAR 모멘텀로우볼,252730
KINDEX 스마트퀄리티,322120
TIGER 방송통신,098560
KODEX 200ESG,337160
ARIRANG 고배당주,161510
KODEX Top5PlusTR,315930
KBSTAR Fn5G테크,367760
TIGER 코스닥150바이오테크,261070
KINDEX 스마트하이베타,322150
TIGER KRX2차전지K-뉴딜,364980
KODEX 배당가치,325020
KODEX 배당성장,211900
TIGER 코스피고배당,210780
KINDEX Fn5G플러스,380340
TIGER 중국소비테마,150460
TIGER 코스피중형주,277650
TIGER 배당성장,211560
TIGER MSCI KOREA ESG리더스,289260
ARIRANG 고배당저변동50,251590
KODEX 고배당,279530
KBSTAR 모멘텀밸류,252720
TIGER 소프트웨어,157490
KODEX 밸류Plus,244670
TIGER 200 생활소비재,227560
KODEX Fn K-뉴딜디지털플러스,368680
KODEX 자동차,091180
HANARO Fn K-뉴딜디지털플러스,368190
KODEX 건설,117700
KODEX 미디어&엔터테인먼트,266360
KOSEF Fn중소형,331910
TIGER KRX인터넷K-뉴딜,365000
TIGER LG그룹+펀더멘털,138530
KODEX 기계장비,102960
KODEX 필수소비재,266410
TIGER 부동산인프라고배당,329200
TIGER 우량가치,227570
HANARO e커머스,322400
TIGER 현대차그룹+펀더멘털,138540
TIGER 200 산업재,227550
TIGER 200 건설,139220
KODEX 경기소비재,266390
TIGER 가격조정,217790
HANARO Fn전기&수소차,381560
ARIRANG 주도업종,280920
KBSTAR Fn수소경제테마,367770
KODEX 에너지화학,117460
TIGER 200 중공업,139230
TIGER 200 에너지화학,139250
TIGER Fn신재생에너지,377990
TIGER 화장품,228790
TIGER KRX BBIG K-뉴딜,364960
KODEX 운송,140710
TIGER 200에너지화학레버리지,243890
TIGER 200 철강소재,139240
KODEX 게임산업,300950
KBSTAR 200철강소재,285020
KODEX 철강,117680
TIGER KRX게임K-뉴딜,364990
